文章标识符aid,标题title,链接url,时间time
"2247484353_1","金融开放：为什么把股市抄底的机会白送给外资，也不留给股民？","http://mp.weixin.qq.com/s?__biz=MzU3MzEzOTI2OA==&mid=2247484353&idx=1&sn=262156680044e4895312444edfd59744&chksm=fcc773eacbb0fafcb689e037780c42a223fe3446e9f92d0e815c3825a8535c681e73317af235#rd","1587306280"
"2247484338_1","一个非常值钱，但总被忽略的选股逻辑","http://mp.weixin.qq.com/s?__biz=MzU3MzEzOTI2OA==&mid=2247484338&idx=1&sn=0bc7fa477aa4d6e72857f9d6af39c4ca&chksm=fcc77399cbb0fa8fb402ee80ecb1510dc91fee9cc84676939a671cd9ed08b85fa9caebd9d6f5#rd","1587080402"
"2247484317_1","美国1小时新增确诊10万人，真的是误报吗？","http://mp.weixin.qq.com/s?__biz=MzU3MzEzOTI2OA==&mid=2247484317&idx=1&sn=346bf8c70247e4e2256de038c2041a27&chksm=fcc773b6cbb0faa019607e1278572ac492a5c110e9a4c0d9504827466c87a8bbeaf3a89ff11d#rd","1586876681"
"2247484297_2","美国才是病毒源头：英国的指证意味着什么？远超你的想象！（下）","http://mp.weixin.qq.com/s?__biz=MzU3MzEzOTI2OA==&mid=2247484297&idx=2&sn=ed310b4d2100f8c446c57a8895b1a81a&chksm=fcc773a2cbb0fab4f9e25e16e98ab9d5e2ff05cb64a775e2cb1a8c6d40d97ba313d5d1119aae#rd","1586696790"
"2247484280_1","美国才是病毒源头：英国的指证意味着什么？远超你的想象！（上）","http://mp.weixin.qq.com/s?__biz=MzU3MzEzOTI2OA==&mid=2247484280&idx=1&sn=ac61f4d62c4913edf8a775b726bb2251&chksm=fcc77353cbb0fa45843319118f8b1503dabeb6a6e21af7e5266d5f845df2fa774e1e8eaf9633#rd","1586620632"
"2247484260_1","美国的第2轮博弈攻势：瑞幸、爱奇艺，这只是刚刚开始！","http://mp.weixin.qq.com/s?__biz=MzU3MzEzOTI2OA==&mid=2247484260&idx=1&sn=9f0b0d9a678ce22510ca7db455896756&chksm=fcc7734fcbb0fa5975a7f5e9401b40abbf002dab1d209a073a32628a493822bbb3f28fa86e2f#rd","1586355153"
"2247484238_1","深度：全球疫情战只是刚刚开始，中国股市还有希望吗？","http://mp.weixin.qq.com/s?__biz=MzU3MzEzOTI2OA==&mid=2247484238&idx=1&sn=066ac17c094b623c8077ef0ae88a2380&chksm=fcc77365cbb0fa73884bac4b209392b4cce00345c9827407fa158e0b9fd7cb60b743cf5ebd09#rd","1586179035"
"2247484225_1","4月份最重要的一个事情：搞不清楚就跑不赢大盘！","http://mp.weixin.qq.com/s?__biz=MzU3MzEzOTI2OA==&mid=2247484225&idx=1&sn=d46b48574237c6939b9f81c3e78d3374&chksm=fcc7736acbb0fa7c5dd7dfaee71942e3489b005c6f1df7d8397f881190e242ef677217f69c57#rd","1585838563"
"2247484206_1","降息20基点：A股复活还缺什么呢？","http://mp.weixin.qq.com/s?__biz=MzU3MzEzOTI2OA==&mid=2247484206&idx=1&sn=0fef9b42513a6d3df89023a721f44be7&chksm=fcc77305cbb0fa13dfdd53fa17380014e723e0b57be0cbb319d966bb353610845a168c525f0e#rd","1585664864"
"2247484194_1","特别国债：只为刺激消费？真正目的比你想象的高明得多！","http://mp.weixin.qq.com/s?__biz=MzU3MzEzOTI2OA==&mid=2247484194&idx=1&sn=2b81f4455186fb4f2bfc69c3ee6b0c8b&chksm=fcc77309cbb0fa1f1fcabae5794010bdb95420b827e136ddde44b68d43d7fe335305e068b577#rd","1585574312"
"2247484178_1","深剖美国QE：与08年金融危机大不相同","http://mp.weixin.qq.com/s?__biz=MzU3MzEzOTI2OA==&mid=2247484178&idx=1&sn=3b69212f742b03551357226cb5a0168e&chksm=fcc77339cbb0fa2faa6dae4f9e0928cb7f92f61658f5ea8538651ea835f212e37484a05337b0#rd","1585313525"
"2247484161_1","上周的5个预判已经兑现：唯一控住疫情的中国，却跟不上全球股市的反弹？","http://mp.weixin.qq.com/s?__biz=MzU3MzEzOTI2OA==&mid=2247484161&idx=1&sn=1a29a6f86511ff1a6c6105979d692be5&chksm=fcc7732acbb0fa3cf4236802d7be9c9e32b84d619711d817298f8b6b430bf3190373e89d8e2b#rd","1585142439"
"2247484149_1","全球反弹，美股这个重症病人救回来了？","http://mp.weixin.qq.com/s?__biz=MzU3MzEzOTI2OA==&mid=2247484149&idx=1&sn=6b6f7bbfe72f9b2e2fe6c0ebeb63aa76&chksm=fcc772decbb0fbc8afa74051426224bec94a272af39294775537027c41896dfd3b4f3c68ab3a#rd","1585063102"
"2247484140_1","【立讯精密】机构内部电话会议：营收保底增长400%","http://mp.weixin.qq.com/s?__biz=MzU3MzEzOTI2OA==&mid=2247484140&idx=1&sn=f5919cebe86ff239d67a68ea2d68b86a&chksm=fcc772c7cbb0fbd126a3c64778c86bc513ec93684c5b141b692517ef74660040b1d672fbc7d0#rd","1584971466"
"2247484135_1","深度：大水漫灌，美元还能大幅升值，美国是怎么做到的？","http://mp.weixin.qq.com/s?__biz=MzU3MzEzOTI2OA==&mid=2247484135&idx=1&sn=577f30d27680c020d812961ae760b7d4&chksm=fcc772cccbb0fbdaf1dcbec835cca5a3f3b1b36fc20d6984983ee2247c07545629c55398d13d#rd","1584849978"
"2247484120_1","为什么美股总能愉快地崩盘？讲3个刷三观的逻辑","http://mp.weixin.qq.com/s?__biz=MzU3MzEzOTI2OA==&mid=2247484120&idx=1&sn=220944cd0a2f4af92bb440bf5eac7840&chksm=fcc772f3cbb0fbe540d9b322f86eef5ca24bac3288559fcc49fb5bd796b8e9c671f04936a72e#rd","1584666184"
"2247484096_1","关于国外疫情，95%的人还没看懂的两个事实（深度长文，慎入）","http://mp.weixin.qq.com/s?__biz=MzU3MzEzOTI2OA==&mid=2247484096&idx=1&sn=37138d3682cc66b3c98017be289be223&chksm=fcc772ebcbb0fbfd09e559d353ecf19c84c9bb1fc83b5ebc8599d694870527fb390f566e8cc1#rd","1584454533"
"2247484077_1","干货：美国7000亿QE是什么概念？你想都不敢想！","http://mp.weixin.qq.com/s?__biz=MzU3MzEzOTI2OA==&mid=2247484077&idx=1&sn=55e5c28244fc356eb04f3753b8909809&chksm=fcc77286cbb0fb906b7e00f5abce9118e61ef156738c788afae7b5f562cb86d09c1d6f60a3b3#rd","1584366553"
"2247484066_1","深度好文：如果没有疫情，中国真的会更好吗？","http://mp.weixin.qq.com/s?__biz=MzU3MzEzOTI2OA==&mid=2247484066&idx=1&sn=c8b41f282596ec0e34e56aa86f29251c&chksm=fcc77289cbb0fb9fdc39c7a3c621b4323a4d254baa154391cd0e0ef7c2ed9d8e44b21410a089#rd","1584271690"
"2247484043_1","【估值】黑电也能活得精彩：显著低估的创维数字！","http://mp.weixin.qq.com/s?__biz=MzU3MzEzOTI2OA==&mid=2247484043&idx=1&sn=223053f9740a7cb7cf6a0dc3d7e83f6d&chksm=fcc772a0cbb0fbb6b603bfb8ac0a947284bbbd5d6f1bd0b169aee39251e600fe50c92ac6cc51#rd","1583848551"
"2247484030_1","情绪远大于客观逻辑，A股因此而崩！","http://mp.weixin.qq.com/s?__biz=MzU3MzEzOTI2OA==&mid=2247484030&idx=1&sn=d15f55107daf6fd48bf45c2ab04b2766&chksm=fcc77255cbb0fb43c1c343f007bdd0b0c324dcae506f5822e8cf39f36729e162b88b5fa26a49#rd","1583762208"
"2247484030_2","原油战的背后，不坚定的投资终究会被清洗！","http://mp.weixin.qq.com/s?__biz=MzU3MzEzOTI2OA==&mid=2247484030&idx=2&sn=e3639c722e4b2a6f4693e8afd32c9718&chksm=fcc77255cbb0fb4344ffeb0bcdde5e32c67b71e939cd147239078fb64d1bde9e0e0b0fd23117#rd","1583762208"
"2247484012_1","从估值角度论证“银行股3年利润翻倍”是不是笑话？","http://mp.weixin.qq.com/s?__biz=MzU3MzEzOTI2OA==&mid=2247484012&idx=1&sn=4506cb7b613d50c8b27811b17e915532&chksm=fcc77247cbb0fb51ee2f2c3a21488b04d0637f999c7f2c8e71e44c7592c7a82f674ec1688722#rd","1583483044"
"2247483997_1","美国突发降息，美股不是不涨，只是未涨！","http://mp.weixin.qq.com/s?__biz=MzU3MzEzOTI2OA==&mid=2247483997&idx=1&sn=df94e8c37b006bcbcd2d424d49fa8b17&chksm=fcc77276cbb0fb6033744bae5a3b2277e9f5836634d90424ddaa16136d4c918add2b8f0b0b1f#rd","1583330388"
"2247483980_1","干货：“补库存”周期重启，这些行业的一季报会很漂亮！","http://mp.weixin.qq.com/s?__biz=MzU3MzEzOTI2OA==&mid=2247483980&idx=1&sn=cad2cd7c2aa300569b8e4aac2ca3b8c2&chksm=fcc77267cbb0fb71650e26862ce0f7a3e1962e1ec8d0adb2d53794cac838da5f6666915dc512#rd","1583243780"
"2247483967_1","定了！3月份的两条主线（名单）","http://mp.weixin.qq.com/s?__biz=MzU3MzEzOTI2OA==&mid=2247483967&idx=1&sn=52c69459ae514c271fd6cb5effdf4984&chksm=fcc77214cbb0fb0203361a7d51eab570de39666a9581f660b7466595ea846a739a88032164e7#rd","1583157941"
"2247483956_1","【谈估值】宁德时代200亿定增，3年后估值翻倍？","http://mp.weixin.qq.com/s?__biz=MzU3MzEzOTI2OA==&mid=2247483956&idx=1&sn=aaad793ae64244e4f1adc47e15cf6e49&chksm=fcc7721fcbb0fb09aa262bf29b073fdbe8c32ad8d930beaa780cb3a077f598d3d76164d3bbac#rd","1582972800"
"2247483938_1","疫情后释放的短期流动性全部归零！科技行情结束，价值投资春天回归！","http://mp.weixin.qq.com/s?__biz=MzU3MzEzOTI2OA==&mid=2247483938&idx=1&sn=cbe4f087dea454a94e93b961a4896f5c&chksm=fcc77209cbb0fb1fa266caf357ffa256a5abee515792f75520a8d8d9f371ad9ff6710b5927ac#rd","1582727894"
"2247483918_1","韭菜们已经害怕了！股市3050点真的危险吗？","http://mp.weixin.qq.com/s?__biz=MzU3MzEzOTI2OA==&mid=2247483918&idx=1&sn=32ca63ac531c08c55cfbb89f80d19038&chksm=fcc77225cbb0fb33026b1f0f7a5e8a99b32df05cd00d05dc6bbf3fa6f0bd4a8cd1bd8a6c0094#rd","1582548627"
"2247483896_1","LPR降息，是最后一个利好落地吗？","http://mp.weixin.qq.com/s?__biz=MzU3MzEzOTI2OA==&mid=2247483896&idx=1&sn=f1eaeacd48b16cc2a1bcf5e517a0c2c2&chksm=fcc771d3cbb0f8c5d7c84e580d5dd09dc11d8e3ac83f3b2273128aed7b22b62b2724304127f3#rd","1582207768"
"2247483887_1","毫无经验的新股民，为什么都在节后准确抄底了？","http://mp.weixin.qq.com/s?__biz=MzU3MzEzOTI2OA==&mid=2247483887&idx=1&sn=df3a4383ff1164d3473705b867f8f3e5&chksm=fcc771c4cbb0f8d2b4239ebc720d42c8476179950216cc15298f71f3a1c9f6692b7de0ba93b2#rd","1582122289"
"2247483865_1","谈估值：为什么说公牛集团绝不止1000亿？","http://mp.weixin.qq.com/s?__biz=MzU3MzEzOTI2OA==&mid=2247483865&idx=1&sn=47700dae96d0338d534fd9773a053c6e&chksm=fcc771f2cbb0f8e4724b4a48283619bf187bc1f48d4e70a3be0f923fd3074d9031e468af00ea#rd","1581949217"
"2247483855_1","地缘冲突缓和，避险资金持续回流风险市场 | 原创","http://mp.weixin.qq.com/s?__biz=MzU3MzEzOTI2OA==&mid=2247483855&idx=1&sn=edbadce44fae5f58882a1e406510f917&chksm=fcc771e4cbb0f8f293e858a3934ca20b1c354181c94125356a40e1506ee6d1e9a1f21b057789#rd","1505800169"
"2247483848_1","内忧外患、天灾人祸都暂时缓和，美元能回升吗？ | 原创","http://mp.weixin.qq.com/s?__biz=MzU3MzEzOTI2OA==&mid=2247483848&idx=1&sn=9d986b4d827a2d721a8e33d738d0edbe&chksm=fcc771e3cbb0f8f5e0032f10584de4299e9d3ad52b10954623c92f4d632ea7e6c32b0f6b157d#rd","1505110220"
"2247483842_1","人民币凶猛升值，还得感谢飓风哈维。。| 原创","http://mp.weixin.qq.com/s?__biz=MzU3MzEzOTI2OA==&mid=2247483842&idx=1&sn=7a250d428e4105c1f0a1219bc988425d&chksm=fcc771e9cbb0f8ff629ee3ac6e6e9ff4b1de90826c62ef0f6c06e6eb4b8b774bac5c62bbeb96#rd","1504850185"
"2247483836_1","“火与怒”、“求战”之后，美国收到“礼包”了 | 原创","http://mp.weixin.qq.com/s?__biz=MzU3MzEzOTI2OA==&mid=2247483836&idx=1&sn=97906c4a8d68be99ea227ee975e2e39c&chksm=fcc77197cbb0f88157bd3b9b5eaadacd82c9d86dca0859536108ef2bb7ac689c67d3cf34807d#rd","1504678800"
"2247483830_1","三胖这次玩大了，全世界的矛头貌似都指向了他 | 原创","http://mp.weixin.qq.com/s?__biz=MzU3MzEzOTI2OA==&mid=2247483830&idx=1&sn=53a51c155c26dea567af9b28e608a387&chksm=fcc7719dcbb0f88b2ac39ecf1632ef49cd0af029d333fca58580c1adf07b3c3d78e17f3a6846#rd","1504594091"
"2247483824_1","“火与怒”2.0来了：美国以“大规模”回应朝鲜氢弹试验 | 原创","http://mp.weixin.qq.com/s?__biz=MzU3MzEzOTI2OA==&mid=2247483824&idx=1&sn=eb11104c48fa203ef86607be18cfd7e8&chksm=fcc7719bcbb0f88d4c142ee3d6a34980770b6b8041a1f6a3694b70c12d678f24ebd7d8b1b0e0#rd","1504506506"
"2247483818_1","美国战机进入朝鲜领空，局势又紧张起来了 | 原创","http://mp.weixin.qq.com/s?__biz=MzU3MzEzOTI2OA==&mid=2247483818&idx=1&sn=66b388b389b2368aa663ce61483698a7&chksm=fcc77181cbb0f897c107407a98b0a8915fa9fa9573cedd714fd2b56df41c63f10da474deef92#rd","1504247012"
"2247483812_1","重要经济数据秀肌肉，美元的春天要来了 | 原创","http://mp.weixin.qq.com/s?__biz=MzU3MzEzOTI2OA==&mid=2247483812&idx=1&sn=1025a458343de288146c8ba91a33057c&chksm=fcc7718fcbb0f8999b8dd260478616a9b56c782d3bb9960bc305a97247b4438e8fbe4762d655#rd","1504160270"
"2247483805_1","A股领跑全球市场，这种格局可以有！ | 原创","http://mp.weixin.qq.com/s?__biz=MzU3MzEzOTI2OA==&mid=2247483805&idx=1&sn=2c9ce66f66d6d15f9d374ae32954166f&chksm=fcc771b6cbb0f8a0f39366aa99a220242e2a8095fd60646e0aee75e003ab84c6d493081362c7#rd","1504075184"
"2247483798_1","外忧内患祸不单行，美国这次麻烦够大的 | 原创","http://mp.weixin.qq.com/s?__biz=MzU3MzEzOTI2OA==&mid=2247483798&idx=1&sn=40e0f7bb3c6b509fc98e57c06a1d4c60&chksm=fcc771bdcbb0f8ab8e150eac5bac7b42dad06e15d4fe1d131149c3b1e71eb6aa26a3f2233412#rd","1503986133"
"2247483792_1","基本面利空环境一面倒，美元面临新的崩溃边缘 | 原创","http://mp.weixin.qq.com/s?__biz=MzU3MzEzOTI2OA==&mid=2247483792&idx=1&sn=5533c67f95566a555f39a49233f726a0&chksm=fcc771bbcbb0f8ad0437d5139039154f2013522d7bea451f605a8e8deb201dc68068685fa9bf#rd","1503904373"
"2247483786_1","还有一个月，美国政府资金就会用光 | 原创","http://mp.weixin.qq.com/s?__biz=MzU3MzEzOTI2OA==&mid=2247483786&idx=1&sn=acababe2b4dba9d6c66da07af80c5269&chksm=fcc771a1cbb0f8b728e8b3874b8b157df1e556c82a30af629801e56d3556cbc4eba57967a86e#rd","1503644858"
"2247483779_1","特朗普发烂誓要筑墙：评级下降、政府关门都不在乎！ | 原创","http://mp.weixin.qq.com/s?__biz=MzU3MzEzOTI2OA==&mid=2247483779&idx=1&sn=11bf043ca93f8a9043bb818b5ec5796f&chksm=fcc771a8cbb0f8be7f48183a35166769b51cc90b1c2658bab1247e8d31af8e93b61c5ef4ee34#rd","1503557585"
"2247483771_1","美国坚持挑起贸易争端，坐等一大波美国大牌质量问题曝光 | 原创","http://mp.weixin.qq.com/s?__biz=MzU3MzEzOTI2OA==&mid=2247483771&idx=1&sn=b40f1697a04d667ff30706f8f1caeca8&chksm=fcc77150cbb0f846749f3bb497f69d749b96bd48ce8d48316367def8d99adf5f7540053a45fd#rd","1503469929"
"2247483765_1","中美贸易战雷声变大，但雨点还是下不起来的 | 原创","http://mp.weixin.qq.com/s?__biz=MzU3MzEzOTI2OA==&mid=2247483765&idx=1&sn=4f333545dd7b3a2090b9eff715bffcc4&chksm=fcc7715ecbb0f848a11f3cdd9bb5be7764d7113ce22e2ce1bf9710cd5ce99062028a4be7c750#rd","1503381254"
"2247483760_1","美元已具备止跌基础，黄金市场是时候歇一歇了 | 原创","http://mp.weixin.qq.com/s?__biz=MzU3MzEzOTI2OA==&mid=2247483760&idx=1&sn=11d08becb781d48770faf1ed7a7a4500&chksm=fcc7715bcbb0f84d1e9e62f65ef1d667141b43715b6a25329d248da911dfeb452db968f5f267#rd","1503298682"
"2247483755_1","巴塞罗那遭遇蓄意恐袭，美元涨了 | 原创","http://mp.weixin.qq.com/s?__biz=MzU3MzEzOTI2OA==&mid=2247483755&idx=1&sn=2204b3a30503a5054769e47af8cf7a6e&chksm=fcc77140cbb0f856223ea6dbf63bb1484b4b00b035ca192f7f29411d7b33af8a7a7c7b212fef#rd","1503039688"
"2247483750_1","特朗普谴责校园暴力惹众怒，为什么不断把自己推向孤立？ | 原创","http://mp.weixin.qq.com/s?__biz=MzU3MzEzOTI2OA==&mid=2247483750&idx=1&sn=c0bd3cf27ae679dbe949b759fe8c7ffb&chksm=fcc7714dcbb0f85bde79f9c4ae59d44ad618e1b887837cad1eb31e4c0f4f570b5a5ec42d5ee6#rd","1502952385"
"2247483745_1","折腾了一个半月，老美终于给自己创造好环境了 | 原创","http://mp.weixin.qq.com/s?__biz=MzU3MzEzOTI2OA==&mid=2247483745&idx=1&sn=5f7fcb13bb1cc08d05b1957f3bd19bab&chksm=fcc7714acbb0f85c495c3436d20d997b1a5bf2fddc0cedb808ac8c32732d57bb5ef4aa140819#rd","1502861379"
"2247483740_1","罗杰斯的“金融危机论”会在我们身上实现吗？怎样把危机变成机遇？ | 原创","http://mp.weixin.qq.com/s?__biz=MzU3MzEzOTI2OA==&mid=2247483740&idx=1&sn=352990017887531f162a521886d10aa7&chksm=fcc77177cbb0f8610884d887f4a1fc59bc246161da7fc460e75ee953ff45ba5b55e3da65991d#rd","1502759716"
"2247483735_1","又有富豪要跑跑跑了？有些人是绝对不会跑的 | 原创","http://mp.weixin.qq.com/s?__biz=MzU3MzEzOTI2OA==&mid=2247483735&idx=1&sn=8703408ed16eff8a12653d5e4a94f3dc&chksm=fcc7717ccbb0f86a56c27fc0008899587032251b456ae9c5959e2444cdb30ccb57de0d5cee42#rd","1501580932"
"2247483732_1","「租房落户」在二线城市开展，房产投资该后悔吗？ | 原创","http://mp.weixin.qq.com/s?__biz=MzU3MzEzOTI2OA==&mid=2247483732&idx=1&sn=370659328a493141d2a648237b210a38&chksm=fcc7717fcbb0f869131265c8d48bba143a97e57bc3eef188828c0d14cc253954347e83b32440#rd","1501405641"
"2247483725_1","「轻资产」的巨大威力 | 原创","http://mp.weixin.qq.com/s?__biz=MzU3MzEzOTI2OA==&mid=2247483725&idx=1&sn=3c6bb6a215f10580a74ab24dc8ce3309&chksm=fcc77166cbb0f870c07dbb833dca61a54ce7172a32dc842140188b5f157db02ec8348d9627e4#rd","1501251622"
"2247483719_1","万达的「轻资产」之路 | 原创","http://mp.weixin.qq.com/s?__biz=MzU3MzEzOTI2OA==&mid=2247483719&idx=1&sn=a0bca8316196777ca72f80584f916c9a&chksm=fcc7716ccbb0f87a4ab66d7c589b03747966add530aed44ffd8e9234545ef67ab3d6bca06786#rd","1501004370"
"2247483708_1","世纪并购落幕！万达、融创、富力是“三赢”吗？ | 原创","http://mp.weixin.qq.com/s?__biz=MzU3MzEzOTI2OA==&mid=2247483708&idx=1&sn=64c8a817789244f76baa42e4f3b5c927&chksm=fcc77117cbb0f801cbcbfd82cbe17635ce1104c5fbacd964ea40506042d88815ed78003d95a7#rd","1500832603"
"2247483699_1","“新乐视”危机的启示：是时候刷新投资观了！ | 原创","http://mp.weixin.qq.com/s?__biz=MzU3MzEzOTI2OA==&mid=2247483699&idx=1&sn=14b3bceb811044dda38b695625e0c5d4&chksm=fcc77118cbb0f80e8f98132f1ad6e03efe32d4bdab3ec4d150fa16a7255ff5d3ded7e151e98e#rd","1500559565"
"2247483690_1","融创632亿收购背后的3大疑点 | 原创","http://mp.weixin.qq.com/s?__biz=MzU3MzEzOTI2OA==&mid=2247483690&idx=1&sn=f557a377214dfca6b791b75db5a84801&chksm=fcc77101cbb0f817fddd4f84315f83a823f1fde5f4fec851b5abd569461581a5a6db854b4ed6#rd","1500124810"
"2247483682_1","人工智能的诞生，就是人类倒计时的开始？","http://mp.weixin.qq.com/s?__biz=MzU3MzEzOTI2OA==&mid=2247483682&idx=1&sn=882f1683a7012872077b1f96649b5e70&chksm=fcc77109cbb0f81fb9a3e5148ae42b1ee94e1c9a8fac58add0fd43961fdc60d8e4f2cde25c5a#rd","1499793635"
"2247483674_1","即将搭上第四次工业革命的头班车！为中国点赞 | 原创","http://mp.weixin.qq.com/s?__biz=MzU3MzEzOTI2OA==&mid=2247483674&idx=1&sn=0268b28849adf94e64165247ac2e6569&chksm=fcc77131cbb0f82750120b82164cddaf369941fa7376d15badba86823e8b88b68053ecabb681#rd","1499533070"
"2247483667_1","「王者荣耀」被冠以七宗罪？我有7个理由为腾讯喊冤 | 原创","http://mp.weixin.qq.com/s?__biz=MzU3MzEzOTI2OA==&mid=2247483667&idx=1&sn=70ced3206bff7fe8c7bebf38d1b61ee0&chksm=fcc77138cbb0f82e675641162afe04411c8ae89cbe7daeba7b8a60c1d0e3fc8fb5b834034e23#rd","1499366604"
"2247483657_1","24万的特斯拉，值得买吗？ | 原创","http://mp.weixin.qq.com/s?__biz=MzU3MzEzOTI2OA==&mid=2247483657&idx=1&sn=01136d34a66d47f428598d591ba7a732&chksm=fcc77122cbb0f83472bdcbee9cd48e8bfb7d2f5ec855c647b32712d8377b2431a40601292925#rd","1499271659"
